,pred
0,5.658333333333333
1,6.279999999999999
2,6.416666666666668
3,5.814999999999997
4,5.708333333333337
5,6.756666666666666
6,5.558333333333329
7,5.976666666666666
8,6.243333333333334
9,6.306666666666668
10,6.053333333333333
11,5.791666666666663
12,6.726666666666665
13,6.903333333333336
14,5.646666666666666
15,6.421666666666664
16,6.616666666666666
17,7.100000000000002
18,7.173333333333333
19,6.628333333333334
20,6.435
21,6.140000000000002
22,6.796666666666668
23,6.153333333333333
24,6.433333333333332
25,6.26
26,6.725
27,7.435000000000001
28,6.303333333333331
29,6.2966666666666695
30,5.895
31,7.143333333333335
32,7.363333333333334
33,6.8916666666666675
34,5.89
35,7.745000000000004
36,7.0500000000000025
37,6.099999999999999
38,6.360000000000004
39,7.70166666666667
40,5.906666666666668
41,7.004999999999998
42,6.2683333333333335
43,7.3500000000000005
44,6.891666666666669
45,6.8866666666666685
46,5.510000000000001
47,5.9916666666666645
48,5.996666666666668
49,7.093333333333333
50,6.475000000000002
51,7.101666666666668
52,6.211666666666669
53,6.106666666666668
54,7.626666666666667
55,6.603333333333333
56,7.721666666666673
57,7.0699999999999985
58,6.808333333333332
59,6.903333333333332
60,6.330000000000001
61,6.666666666666666
62,6.995000000000001
63,6.121666666666667
64,6.49666666666667
65,6.436666666666667
66,6.248333333333334
67,5.808333333333333
68,6.603333333333331
69,6.033333333333334
70,6.508333333333332
71,6.1433333333333335
72,6.386666666666666
73,7.441666666666661
74,6.538333333333331
75,6.913333333333335
76,7.379999999999998
77,7.15333333333333
78,6.851666666666669
79,8.08833333333333
80,8.021666666666668
81,6.181666666666667
82,6.903333333333333
83,6.096666666666666
84,6.081666666666666
85,6.013333333333333
86,5.254999999999998
87,6.049999999999999
88,7.36833333333333
89,6.129999999999998
90,6.985000000000002
91,6.54
92,6.465000000000002
93,6.9399999999999995
94,7.51
95,6.453333333333335
96,5.973333333333334
97,6.4966666666666635
98,7.2566666666666615
99,7.213333333333329
100,7.273333333333332
101,6.315
102,6.868333333333335
103,6.980000000000001
104,7.294999999999998
105,7.578333333333332
106,6.695000000000001
107,7.32833333333333
108,6.821666666666664
109,7.573333333333334
110,6.303333333333331
111,5.968333333333333
112,5.931666666666669
113,6.878333333333331
114,6.431666666666668
115,6.468333333333335
116,6.428333333333334
117,6.583333333333331
118,7.3133333333333335
119,6.763333333333333
120,7.2883333333333296
121,7.176666666666667
122,6.905000000000001
123,6.456666666666667
124,5.73
125,5.901666666666667
126,7.063333333333333
127,6.213333333333335
128,6.541666666666667
129,7.871666666666668
130,7.158333333333332
131,5.801666666666668
132,6.6133333333333315
133,6.258333333333334
134,6.035
135,6.916666666666668
136,7.246666666666669
137,7.41666666666667
138,6.688333333333333
139,7.011666666666668
140,6.265000000000001
141,6.78
142,5.2683333333333335
143,6.076666666666667
144,6.713333333333335
145,6.5166666666666675
146,7.555000000000002
147,6.230000000000002
148,6.466666666666666
149,6.233333333333335
150,6.828333333333334
151,6.708333333333335
152,6.361666666666667
153,6.775000000000002
154,7.030000000000002
155,8.196666666666662
156,7.349999999999996
157,7.185000000000002
158,5.685
159,5.618333333333333
160,6.386666666666667
161,6.693333333333333
162,5.916666666666666
163,6.241666666666666
164,6.150000000000002
165,5.76166666666667
166,6.703333333333333
167,5.815
168,6.279999999999999
169,6.724999999999997
170,7.365000000000004
171,7.158333333333332
172,6.676666666666664
173,7.181666666666666
174,7.191666666666669
175,5.911666666666665
176,5.766666666666665
177,7.36833333333333
178,6.765
179,6.589999999999998
180,6.285
181,7.218333333333334
182,7.375
183,6.136666666666669
184,6.416666666666668
185,6.2583333333333355
186,7.781666666666669
187,7.1000000000000005
188,6.754999999999999
189,7.533333333333334
190,6.364999999999999
191,7.204999999999998
192,6.996666666666667
193,7.4083333333333306
194,6.973333333333337
195,6.774999999999997
196,7.038333333333333
197,5.968333333333334
198,6.5583333333333345
199,6.6416666666666675
200,5.668333333333332
201,6.203333333333332
202,6.640000000000003
203,7.00166666666667
204,6.496666666666668
205,5.820000000000001
206,6.205
207,6.423333333333333
208,5.961666666666669
209,7.231666666666666
210,6.4433333333333325
211,6.803333333333332
212,6.668333333333333
213,6.664999999999998
214,5.543333333333334
215,6.501666666666669
216,6.539999999999998
217,6.546666666666669
218,7.293333333333332
219,6.575000000000001
220,6.581666666666667
221,7.000000000000003
222,6.898333333333334
223,6.550000000000001
224,6.0283333333333315
225,7.34
226,6.915000000000004
227,7.453333333333335
228,6.259999999999999
229,6.1816666666666675
230,6.763333333333333
231,6.586666666666667
232,7.031666666666667
233,6.921666666666665
234,6.5183333333333335
235,7.15166666666667
236,7.536666666666666
237,7.526666666666665
238,6.709999999999999
239,7.41666666666667
240,7.1066666666666665
241,6.389999999999997
242,6.300000000000002
243,5.693333333333333
244,6.648333333333334
245,6.383333333333332
246,6.8416666666666694
247,6.530000000000002
248,7.000000000000002
249,6.690000000000001
250,7.125000000000001
251,7.574999999999997
252,6.756666666666667
253,6.616666666666663
254,8.383333333333328
255,6.415000000000001
256,7.199999999999999
257,7.550000000000002
258,7.151666666666668
259,6.511666666666668
260,6.731666666666666
261,7.923333333333333
262,7.395000000000001
263,6.278333333333333
264,6.910000000000001
265,5.5566666666666675
266,5.9750000000000005
267,7.918333333333337
268,6.6499999999999995
269,6.653333333333333
270,7.208333333333333
271,5.978333333333334
272,6.5200000000000005
273,7.493333333333334
274,6.828333333333331
275,5.581666666666665
276,7.941666666666666
277,7.429999999999997
278,6.549999999999999
279,6.858333333333332
280,6.441666666666664
281,6.483333333333331
282,7.299999999999995
283,7.008333333333332
284,7.231666666666666
285,6.8416666666666694
286,6.7150000000000025
287,6.523333333333335
288,7.188333333333333
289,7.198333333333338
290,6.281666666666665
291,6.220000000000001
292,7.25333333333333
293,7.231666666666666
294,7.613333333333332
295,6.318333333333334
296,6.6000000000000005
297,6.5500000000000025
298,6.186666666666667
299,7.231666666666666
300,5.913333333333333
301,7.9316666666666675
302,6.721666666666668
303,6.2
304,7.161666666666671
305,6.44833333333333
306,7.231666666666666
307,6.161666666666665
308,5.364999999999998
309,7.231666666666666
310,6.828333333333335
311,6.688333333333334
312,6.745000000000001
313,6.8050000000000015
314,6.970000000000001
315,7.823333333333333
316,7.5166666666666675
317,6.891666666666667
318,6.893333333333334
319,7.331666666666669
320,7.561666666666666
321,7.203333333333332
322,7.8883333333333345
323,5.894999999999999
324,7.136666666666661
325,7.1916666666666655
326,6.993333333333333
327,6.685000000000005
328,5.6266666666666625
329,7.488333333333335
330,6.710000000000003
331,7.241666666666666
332,7.043333333333332
333,7.098333333333333
334,6.996666666666667
335,6.708333333333334
336,7.231666666666666
337,6.316666666666667
338,7.281666666666665
339,7.563333333333333
340,6.741666666666663
341,6.566666666666667
342,6.0133333333333345
343,7.36
344,7.611666666666669
345,7.158333333333334
346,6.168333333333332
347,7.523333333333329
348,6.989999999999998
349,5.9816666666666665
350,7.4099999999999975
351,7.398333333333334
352,7.413333333333333
353,7.121666666666665
354,7.063333333333334
355,5.913333333333335
356,6.038333333333336
357,7.1916666666666655
358,6.540000000000002
359,7.0616666666666665
360,6.776666666666665
361,6.060000000000001
362,6.556666666666667
363,6.614999999999999
364,6.710000000000003
365,6.968333333333333
366,6.675
367,7.101666666666663
368,6.78666666666667
369,7.681666666666666
370,7.536666666666666
371,6.0
372,5.936666666666666
373,7.158333333333332
374,6.098333333333334
375,6.333333333333331
376,7.601666666666666
377,7.728333333333333
378,7.189999999999997
379,7.358333333333334
380,6.295000000000001
381,5.811666666666668
382,6.6499999999999995
383,6.8450000000000015
384,6.136666666666667
385,7.70166666666667
386,7.788333333333337
387,7.39
388,7.928333333333333
389,7.36833333333333
390,7.29166666666667
391,5.9416666666666655
392,6.686666666666668
393,5.871666666666667
394,6.556666666666668
395,6.335
396,6.545
397,7.0066666666666695
398,7.459999999999996
399,7.531666666666667
400,7.208333333333333
401,7.081666666666666
402,6.233333333333333
403,7.655000000000004
404,7.54166666666667
405,7.468333333333334
406,7.388333333333335
407,7.3933333333333335
408,7.351666666666669
409,8.028333333333329
410,7.019999999999999
411,6.506666666666669
412,7.639999999999998
413,7.434999999999999
414,6.781666666666669
415,6.083333333333331
416,7.499999999999997
417,6.736666666666668
418,7.231666666666666
419,7.603333333333336
420,7.231666666666666
421,6.635000000000001
422,7.0150000000000015
423,7.540000000000001
424,7.193333333333334
425,7.306666666666663
426,6.381666666666667
427,7.491666666666665
428,6.388333333333333
429,7.3316666666666634
430,6.678333333333332
431,6.0200000000000005
432,6.386666666666665
433,7.3016666666666685
434,6.136666666666666
435,7.5649999999999995
436,7.051666666666665
437,5.466666666666669
438,6.821666666666667
439,7.051666666666668
440,6.239999999999999
441,6.871666666666668
442,7.1116666666666655
443,6.438333333333331
444,6.113333333333332
445,7.163333333333336
446,7.701666666666665
447,6.5783333333333305
448,5.9266666666666685
449,6.678333333333334
450,6.400000000000002
451,7.0983333333333345
452,7.231666666666666
453,7.798333333333334
454,6.03
455,7.648333333333336
456,6.704999999999999
457,7.071666666666667
458,6.856666666666669
459,5.966666666666666
460,6.963333333333336
461,6.4283333333333355
462,5.246666666666667
463,6.773333333333332
464,5.556666666666667
465,6.026666666666667
466,6.673333333333335
467,6.779999999999999
468,7.5183333333333335
469,6.996666666666669
470,7.3299999999999965
471,7.231666666666666
472,7.788333333333337
473,6.345000000000001
474,6.445000000000001
475,7.243333333333334
476,6.095
477,7.183333333333333
478,6.694999999999999
479,5.658333333333335
480,7.334999999999998
481,5.793333333333333
482,6.5133333333333345
483,7.231666666666666
484,7.231666666666666
485,7.773333333333335
486,7.923333333333337
487,7.063333333333334
488,7.136666666666664
489,6.200000000000001
490,6.13
491,7.141666666666668
492,7.019999999999996
493,7.391666666666667
494,7.594999999999998
495,6.268333333333335
496,7.429999999999997
497,7.319999999999998
498,6.833333333333335
499,7.231666666666666
500,6.336666666666664
501,6.773333333333332
502,7.231666666666666
503,6.773333333333332
504,7.41333333333333
505,7.271666666666667
506,6.020000000000001
507,6.808333333333332
508,7.328333333333331
509,7.3316666666666634
510,7.58333333333333
511,7.656666666666664
512,7.701666666666668
513,7.648333333333334
514,7.504999999999999
515,6.773333333333332
516,6.88166666666667
517,7.131666666666665
518,6.3199999999999985
519,7.394999999999997
520,6.546666666666666
521,6.121666666666667
522,6.763333333333333
523,6.9399999999999995
524,7.416666666666667
525,7.13
526,6.955000000000002
527,7.523333333333335
528,6.261666666666668
529,6.704999999999999
530,7.581666666666667
531,7.3066666666666675
532,7.29333333333333
533,6.561666666666668
534,7.025000000000003
535,7.523333333333335
536,7.594999999999998
537,7.231666666666666
538,6.8149999999999995
539,7.556666666666669
540,7.818333333333337
541,7.231666666666666
542,7.231666666666666
543,6.960000000000002
544,6.480000000000001
545,6.790000000000001
546,7.250000000000001
547,6.963333333333334
548,6.873333333333337
549,5.566666666666664
550,6.7783333333333315
551,6.589999999999998
552,5.614999999999998
553,5.614999999999998
554,5.614999999999998
555,5.614999999999998
556,5.614999999999998
557,5.614999999999998
558,5.614999999999998
559,5.566666666666664
560,7.288333333333329
561,5.8599999999999985
562,7.288333333333329
563,6.03833333333333
564,7.5099999999999945
565,5.405000000000001
566,7.5099999999999945
567,5.956666666666665
568,7.5099999999999945
569,7.5099999999999945
570,7.5099999999999945
571,6.7783333333333315
572,6.7783333333333315
573,7.099999999999996
574,7.099999999999996
575,7.099999999999996
576,6.873333333333333
577,6.968333333333332
578,7.148333333333334
579,6.706666666666664
580,6.873333333333333
581,6.693333333333331
582,6.873333333333333
583,6.873333333333333
584,6.873333333333333
585,6.873333333333333
586,6.89
587,6.89
588,7.054999999999997
589,7.24
590,7.164999999999996
591,7.164999999999996
592,7.164999999999996
593,7.219999999999998
594,7.791666666666668
595,5.855
596,7.169999999999998
597,7.67166666666667
598,6.6883333333333335
599,6.616666666666668
600,5.748333333333332
601,6.406666666666667
602,5.6199999999999966
603,6.226666666666669
604,6.226666666666669
605,6.226666666666669
606,6.626666666666664
607,6.9083333333333306
608,6.9083333333333306
609,6.9083333333333306
610,6.9083333333333306
611,6.9083333333333306
612,6.9083333333333306
613,6.9083333333333306
614,6.9083333333333306
615,6.9083333333333306
616,6.483333333333333
617,6.288333333333333
618,7.019999999999998
619,6.586666666666669
620,5.653333333333334
621,6.279999999999999
622,6.416666666666668
623,5.814999999999997
624,6.756666666666666
625,6.3233333333333315
626,5.558333333333329
627,5.976666666666666
628,6.243333333333334
629,6.608333333333335
630,6.306666666666668
631,6.726666666666665
632,6.903333333333336
633,6.569999999999999
634,5.646666666666666
635,5.750000000000003
636,6.616666666666666
637,7.100000000000002
638,7.173333333333333
639,6.628333333333334
640,6.796666666666668
641,6.336666666666668
642,6.835
643,5.973333333333333
644,6.26
645,6.848333333333333
646,7.435000000000001
647,6.303333333333331
648,6.160000000000001
649,6.533333333333334
650,7.363333333333334
651,6.8916666666666675
652,5.89
653,7.430000000000003
654,6.914999999999997
655,6.670000000000003
656,6.1033333333333335
657,6.418333333333332
658,6.099999999999999
659,6.734999999999999
660,6.360000000000004
661,7.70166666666667
662,7.004999999999998
663,6.215000000000001
664,6.2683333333333335
665,7.118333333333334
666,7.3500000000000005
667,6.891666666666669
668,6.8866666666666685
669,6.543333333333333
670,6.475000000000002
671,6.420000000000001
672,7.626666666666667
673,6.515000000000003
674,6.33
675,7.0699999999999985
676,6.808333333333332
677,6.330000000000001
678,6.666666666666666
679,6.495
680,6.763333333333333
681,6.821666666666668
682,7.064999999999998
683,7.49333333333333
684,6.603333333333331
685,7.451666666666669
686,6.5166666666666675
687,6.386666666666666
688,7.031666666666666
689,6.2633333333333345
690,6.851666666666669
691,8.021666666666668
692,7.311666666666665
693,7.991666666666662
694,7.450000000000005
695,7.588333333333334
696,7.360000000000001
697,7.36833333333333
698,6.648333333333335
699,7.2600000000000025
700,6.129999999999998
701,6.54
702,6.465000000000002
703,6.431666666666664
704,7.51
705,6.660000000000001
706,6.151666666666667
707,7.2566666666666615
708,7.65333333333333
709,7.273333333333332
710,6.868333333333335
711,7.294999999999998
712,6.821666666666669
713,7.298333333333334
714,6.949999999999999
715,6.821666666666664
716,7.318333333333333
717,6.303333333333331
718,6.568333333333334
719,7.366666666666664
720,6.431666666666668
721,7.3133333333333335
722,6.763333333333333
723,6.788333333333336
724,6.283333333333332
725,7.204999999999997
726,7.158333333333332
727,6.6133333333333315
728,6.973333333333335
729,7.506666666666666
730,6.688333333333333
731,6.62833333333333
732,6.828333333333334
733,6.708333333333335
734,7.429999999999998
735,5.628333333333336
736,6.873333333333332
737,8.196666666666662
738,7.833333333333333
739,5.678333333333334
740,6.766666666666666
741,6.150000000000002
742,6.279999999999999
743,7.365000000000004
744,7.158333333333332
745,7.556666666666667
746,6.85
747,6.676666666666664
748,6.628333333333335
749,6.728333333333334
750,7.438333333333332
751,7.36833333333333
752,7.364999999999999
753,6.589999999999998
754,6.285
755,7.218333333333334
756,6.416666666666668
757,6.2583333333333355
758,5.9766666666666675
759,7.781666666666669
760,7.1000000000000005
761,6.364999999999999
762,6.325000000000001
763,7.6466666666666665
764,6.231666666666667
765,7.3083333333333345
766,5.668333333333332
767,7.075
768,5.820000000000001
769,6.1566666666666645
770,6.4433333333333325
771,6.803333333333332
772,6.595
773,6.539999999999998
774,6.546666666666669
775,6.796666666666667
776,6.550000000000001
777,5.259999999999997
778,6.458333333333332
779,7.453333333333335
780,6.3900000000000015
781,6.763333333333333
782,6.586666666666667
783,7.526666666666665
784,6.248333333333334
785,6.591666666666668
786,6.389999999999997
787,5.693333333333333
788,6.530000000000002
789,7.000000000000002
790,6.756666666666667
791,6.920000000000003
792,7.151666666666668
793,6.078333333333333
794,6.278333333333333
795,5.808333333333333
796,6.653333333333333
797,6.5200000000000005
798,6.986666666666666
799,6.251666666666666
800,6.593333333333335
801,6.549999999999999
802,6.858333333333332
803,7.204999999999999
804,7.474999999999999
805,5.923333333333332
806,7.385
807,6.8416666666666694
808,7.681666666666668
809,7.179999999999996
810,6.998333333333332
811,7.534999999999999
812,6.458333333333333
813,6.451666666666669
814,7.25333333333333
815,7.456666666666667
816,6.866666666666665
817,6.5500000000000025
818,7.226666666666666
819,5.924999999999999
820,6.2
821,6.161666666666665
822,7.653333333333336
823,6.096666666666668
824,5.364999999999998
825,6.828333333333335
826,7.279999999999997
827,7.231666666666666
828,7.8883333333333345
829,6.061666666666669
830,6.649999999999998
831,7.460000000000002
832,7.241666666666666
833,7.098333333333333
834,6.679999999999997
835,6.316666666666667
836,7.281666666666665
837,7.563333333333333
838,7.523333333333329
839,7.91666666666667
840,5.9816666666666665
841,7.398333333333334
842,7.063333333333334
843,7.34
844,6.4750000000000005
845,6.406666666666667
846,6.060000000000001
847,7.101666666666663
848,7.320000000000001
849,7.36833333333333
850,7.335000000000003
851,6.0
852,6.541666666666665
853,7.158333333333332
854,7.019999999999998
855,7.728333333333333
856,5.779999999999998
857,7.448333333333333
858,6.956666666666671
859,6.67
860,7.36833333333333
861,7.29166666666667
862,6.335
863,5.918333333333333
864,7.003333333333338
865,7.231666666666666
866,7.073333333333333
867,7.1000000000000005
868,7.78666666666667
869,6.083333333333331
870,6.9783333333333335
871,6.8
872,6.280000000000001
873,7.306666666666663
874,6.944999999999999
875,6.813333333333334
876,6.508333333333331
877,7.361666666666666
878,6.704999999999999
879,6.655000000000001
880,7.826666666666669
881,6.364999999999999
882,6.0200000000000005
883,7.694999999999999
884,7.10333333333333
885,6.776666666666669
886,6.411666666666667
887,6.261666666666669
888,6.871666666666669
889,6.68166666666667
890,7.110000000000001
891,6.6899999999999995
892,7.019999999999998
893,7.424999999999998
894,6.1816666666666675
895,7.326666666666666
896,6.648333333333334
897,7.676666666666664
898,7.3299999999999965
899,6.345000000000001
900,7.243333333333334
901,7.334999999999998
902,7.701666666666665
903,7.30666666666667
904,6.704999999999999
905,6.335
906,7.361666666666666
907,6.4316666666666675
908,6.343333333333334
909,7.231666666666666
910,6.841666666666669
911,6.681666666666668
912,7.006666666666667
913,7.215
914,6.833333333333335
915,6.711666666666668
916,7.036666666666671
917,7.41333333333333
918,7.231666666666666
919,6.691666666666666
920,7.656666666666664
921,5.810000000000001
922,6.650000000000001
923,6.88166666666667
924,6.50833333333333
925,7.158333333333336
926,7.236666666666669
927,6.541666666666666
928,6.649999999999997
929,7.231666666666666
930,7.6049999999999995
931,7.169999999999997
932,6.959999999999997
933,6.784999999999999
934,6.751666666666668
935,6.743333333333334
936,7.32833333333333
937,7.231666666666666
938,7.63
939,7.300000000000002
940,6.561666666666668
941,7.111666666666666
942,7.231666666666666
943,6.784999999999999
944,6.480000000000001
945,7.389999999999997
946,6.5783333333333305
947,7.676666666666668
948,6.873333333333337
949,5.566666666666664
950,6.589999999999998
951,5.614999999999998
952,5.614999999999998
953,5.614999999999998
954,5.614999999999998
955,5.614999999999998
956,5.614999999999998
957,5.614999999999998
958,5.566666666666664
959,7.348333333333332
960,7.341666666666664
961,7.308333333333331
962,6.636666666666666
963,7.099999999999996
964,7.099999999999996
965,7.099999999999996
966,6.873333333333333
967,6.968333333333332
968,7.148333333333334
969,6.706666666666664
970,6.873333333333333
971,6.693333333333331
972,6.873333333333333
973,6.873333333333333
974,6.873333333333333
975,6.873333333333333
976,7.286666666666665
977,7.169999999999998
978,7.67166666666667
979,6.6883333333333335
980,6.765
981,6.616666666666668
982,5.748333333333332
983,6.406666666666667
984,5.6199999999999966
985,7.679999999999998
986,6.626666666666664
987,6.9083333333333306
988,6.9083333333333306
989,6.9083333333333306
990,6.9083333333333306
991,6.9083333333333306
992,6.9083333333333306
993,6.9083333333333306
994,6.9083333333333306
995,6.9083333333333306
996,6.483333333333333
997,6.288333333333333
998,8.145000000000003
999,5.930000000000004
1000,8.145000000000003
1001,6.126666666666668
1002,6.126666666666668
1003,5.930000000000004
1004,5.930000000000004
1005,7.019999999999998
1006,6.586666666666669
1007,5.653333333333334
1008,6.835
1009,5.973333333333333
1010,6.160000000000001
1011,7.430000000000003
1012,6.670000000000003
1013,6.418333333333332
1014,6.734999999999999
1015,7.118333333333334
1016,6.543333333333333
1017,6.420000000000001
1018,7.634999999999997
1019,6.578333333333333
1020,6.980000000000002
1021,6.515000000000003
1022,6.763333333333333
1023,6.49666666666667
1024,6.821666666666668
1025,7.064999999999998
1026,7.49333333333333
1027,6.5166666666666675
1028,7.223333333333331
1029,7.031666666666666
1030,6.953333333333335
1031,7.399999999999998
1032,7.311666666666665
1033,7.133333333333332
1034,6.096666666666666
1035,7.175
1036,6.804999999999996
1037,7.450000000000005
1038,7.268333333333333
1039,6.780000000000001
1040,7.360000000000001
1041,7.385
1042,7.231666666666666
1043,7.36833333333333
1044,6.2766666666666655
1045,6.860000000000002
1046,6.179999999999998
1047,6.5183333333333335
1048,7.601666666666666
1049,7.555000000000002
1050,7.65333333333333
1051,7.231666666666666
1052,7.073333333333334
1053,7.231666666666666
1054,7.298333333333334
1055,7.32833333333333
1056,7.318333333333333
1057,6.883333333333334
1058,7.231666666666666
1059,6.468333333333335
1060,7.276666666666666
1061,6.788333333333336
1062,6.941666666666666
1063,7.435000000000003
1064,6.6133333333333315
1065,7.04666666666667
1066,7.5249999999999995
1067,7.4083333333333306
1068,5.930000000000001
1069,7.203333333333336
1070,7.231666666666666
1071,7.365000000000004
1072,6.628333333333335
1073,7.36833333333333
1074,6.2133333333333365
1075,5.9766666666666675
1076,7.231666666666667
1077,6.364999999999999
1078,7.158333333333333
1079,6.993333333333335
1080,6.555000000000002
1081,5.820000000000001
1082,6.1566666666666645
1083,7.231666666666666
1084,6.883333333333336
1085,6.546666666666669
1086,7.393333333333333
1087,6.415
1088,7.01
1089,7.036666666666663
1090,7.151666666666668
1091,6.928333333333334
1092,6.994999999999998
1093,7.619999999999999
1094,6.963333333333334
1095,5.738333333333332
1096,7.196666666666666
1097,7.394999999999997
1098,5.923333333333332
1099,6.8416666666666694
1100,7.394999999999997
1101,6.458333333333333
1102,6.451666666666669
1103,6.2
1104,5.364999999999998
1105,7.231666666666666
1106,6.6016666666666675
1107,7.160000000000001
1108,6.971666666666668
1109,7.231666666666666
1110,7.6
1111,7.460000000000002
1112,6.755000000000001
1113,6.930000000000001
1114,7.563333333333333
1115,7.365000000000001
1116,7.394999999999997
1117,7.231666666666666
1118,7.398333333333334
1119,5.891666666666669
1120,6.941666666666669
1121,5.696666666666668
1122,7.231666666666666
1123,7.231666666666666
1124,7.335000000000003
1125,6.9766666666666675
1126,6.67
1127,7.231666666666666
1128,7.231666666666666
1129,7.36833333333333
1130,5.830000000000002
1131,7.834999999999999
1132,6.885
1133,6.836666666666668
1134,6.831666666666666
1135,7.231666666666666
1136,7.675
1137,7.191666666666667
1138,7.594999999999998
1139,6.818333333333332
1140,7.231666666666666
1141,7.231666666666666
1142,7.231666666666666
1143,7.118333333333334
1144,6.856666666666669
1145,7.283333333333334
1146,7.231666666666666
1147,6.885
1148,7.101666666666668
1149,7.556666666666668
1150,6.335
1151,6.736666666666666
1152,6.386666666666667
1153,6.946666666666667
1154,7.361666666666664
1155,7.0633333333333335
1156,6.845000000000001
1157,7.41333333333333
1158,7.611666666666668
1159,7.405000000000002
1160,6.581666666666667
1161,6.6883333333333335
1162,7.850000000000002
1163,6.9833333333333325
1164,6.848333333333333
1165,6.885
1166,7.169999999999997
1167,6.798333333333335
1168,7.369999999999999
1169,6.543333333333334
1170,7.32833333333333
1171,6.798333333333335
1172,7.91666666666667
1173,7.384999999999997
1174,6.480000000000001
1175,7.856666666666665
1176,6.668333333333331
1177,7.458333333333337
1178,7.458333333333337
1179,7.458333333333337
1180,7.458333333333337
1181,7.458333333333337
1182,7.458333333333337
1183,7.458333333333337
1184,7.55666666666667
1185,6.634999999999999
1186,6.416666666666666
1187,6.416666666666666
1188,6.416666666666666
1189,6.416666666666666
1190,6.416666666666666
1191,6.416666666666666
1192,6.416666666666666
1193,6.416666666666666
1194,6.416666666666666
1195,6.416666666666666
1196,6.416666666666666
1197,6.416666666666666
1198,6.416666666666666
1199,6.416666666666666
1200,7.6133333333333315
1201,6.890000000000001
1202,7.170000000000001
1203,6.416666666666666
1204,6.548333333333333
1205,6.028333333333333
1206,6.150000000000002
1207,7.185000000000001
1208,6.951666666666666
1209,6.481666666666667
1210,5.675000000000001
1211,6.148333333333334
1212,6.293333333333332
1213,6.611666666666665
1214,6.341666666666668
1215,6.511666666666668
1216,6.586666666666669
1217,6.511666666666666
1218,6.235000000000003
1219,7.431666666666664
1220,6.384999999999999
1221,7.061666666666667
1222,7.566666666666666
1223,6.659999999999998
1224,6.660000000000001
1225,6.893333333333333
1226,6.496666666666668
1227,6.501666666666669
1228,6.695000000000001
1229,7.100000000000003
1230,6.941666666666666
1231,6.213333333333335
1232,6.501666666666666
1233,5.951666666666666
1234,6.213333333333332
1235,7.708333333333337
1236,4.659999999999999
1237,7.278333333333331
1238,6.826666666666666
1239,7.429999999999997
1240,6.511666666666669
1241,7.05333333333333
1242,7.1633333333333296
1243,7.078333333333334
1244,6.688333333333334
1245,7.25333333333333
1246,6.606666666666667
1247,7.25166666666667
1248,7.909999999999998
1249,7.34
1250,7.650000000000001
1251,7.4949999999999966
1252,7.369999999999999
1253,7.140000000000002
1254,6.941666666666667
1255,7.6466666666666665
1256,6.52666666666667
1257,7.508333333333334
1258,6.691666666666666
1259,6.985000000000003
1260,4.754999999999998
1261,6.281666666666666
1262,7.496666666666667
1263,7.211666666666663
1264,6.428333333333333
1265,7.05
1266,7.093333333333333
1267,7.941666666666667
1268,6.5783333333333305
1269,6.911666666666666
1270,6.731666666666666
1271,7.406666666666667
1272,7.098333333333334
1273,7.201666666666665
1274,7.429999999999998
1275,7.648333333333336
1276,7.206666666666667
1277,6.534999999999999
1278,7.428333333333334
1279,7.611666666666668
1280,6.921666666666666
1281,7.076666666666667
1282,6.676666666666667
1283,6.921666666666666
1284,7.4449999999999985
1285,6.930000000000001
1286,7.488333333333335
1287,6.731666666666666
1288,5.7700000000000005
1289,6.306666666666668
1290,5.83833333333333
1291,6.726666666666665
1292,6.536666666666668
1293,6.875000000000002
1294,6.444999999999998
1295,6.835
1296,5.973333333333333
1297,6.433333333333332
1298,7.056666666666667
1299,6.160000000000001
1300,5.895
1301,6.8583333333333325
1302,7.431666666666664
1303,7.430000000000003
1304,6.1033333333333335
1305,5.771666666666664
1306,6.418333333333332
1307,6.099999999999999
1308,6.734999999999999
1309,6.215000000000001
1310,6.8483333333333345
1311,7.118333333333334
1312,6.036666666666666
1313,6.023333333333332
1314,6.780000000000001
1315,5.800000000000002
1316,6.543333333333333
1317,6.895000000000002
1318,6.175000000000001
1319,6.420000000000001
1320,6.753333333333332
1321,6.4399999999999995
1322,6.980000000000002
1323,7.066666666666664
1324,8.49166666666666
1325,6.515000000000003
1326,6.208333333333333
1327,6.175000000000002
1328,6.495
1329,6.246666666666666
1330,6.165000000000002
1331,6.201666666666668
1332,6.213333333333334
1333,6.5566666666666675
1334,6.763333333333333
1335,6.49666666666667
1336,6.156666666666667
1337,6.821666666666668
1338,7.006666666666669
1339,7.064999999999998
1340,5.651666666666666
1341,6.296666666666667
1342,6.171666666666665
1343,7.064999999999998
1344,7.49333333333333
1345,6.511666666666668
1346,7.406666666666667
1347,6.1433333333333335
1348,6.785000000000003
1349,7.231666666666666
1350,7.031666666666666
1351,6.42
1352,6.953333333333335
1353,7.134999999999995
1354,7.4433333333333325
1355,6.454999999999998
1356,7.311666666666665
1357,7.003333333333335
1358,7.001666666666664
1359,7.133333333333332
1360,6.9016666666666655
1361,7.338333333333334
1362,6.081666666666666
1363,6.804999999999996
1364,7.450000000000005
1365,7.471666666666663
1366,6.693333333333336
1367,7.966666666666661
1368,6.128333333333332
1369,6.049999999999999
1370,7.450000000000003
1371,7.36833333333333
1372,6.2766666666666655
1373,6.313333333333334
1374,6.024999999999998
1375,6.250000000000001
1376,6.019999999999995
1377,5.995000000000001
1378,6.508333333333334
1379,6.836666666666668
1380,6.040000000000001
1381,6.453333333333335
1382,7.29
1383,6.574999999999998
1384,6.346666666666666
1385,6.025000000000003
1386,6.888333333333332
1387,6.328333333333333
1388,7.601666666666666
1389,5.241666666666666
1390,7.518333333333331
1391,6.534999999999999
1392,5.994999999999999
1393,6.994999999999999
1394,7.233333333333333
1395,6.840000000000002
1396,6.041666666666665
1397,6.566666666666668
1398,6.461666666666665
1399,7.603333333333336
1400,7.298333333333334
1401,5.596666666666668
1402,7.0766666666666636
1403,6.396666666666665
1404,6.461666666666667
1405,6.27
1406,5.923333333333336
1407,6.874999999999999
1408,7.49333333333333
1409,5.955
1410,6.6216666666666635
1411,5.931666666666669
1412,6.401666666666666
1413,7.301666666666667
1414,6.588333333333333
1415,7.486666666666668
1416,6.431666666666668
1417,6.468333333333335
1418,7.135000000000001
1419,6.428333333333334
1420,5.995000000000002
1421,6.548333333333331
1422,6.846666666666666
1423,5.471666666666668
1424,6.816666666666664
1425,7.313333333333333
1426,6.283333333333332
1427,7.240000000000004
1428,6.689999999999997
1429,7.063333333333333
1430,6.57833333333333
1431,5.945000000000002
1432,6.250000000000001
1433,5.8516666666666675
1434,7.41666666666667
1435,7.306666666666668
1436,7.659999999999999
1437,7.238333333333333
1438,6.541666666666666
1439,6.1149999999999975
1440,6.558333333333334
1441,6.596666666666669
1442,6.666666666666666
1443,6.926666666666666
1444,7.386666666666669
1445,6.620000000000002
1446,6.583333333333334
1447,6.585
1448,7.203333333333331
1449,6.081666666666667
1450,7.78666666666667
1451,6.828333333333334
1452,7.203333333333336
1453,6.378333333333332
1454,6.181666666666666
1455,6.575000000000001
1456,6.8283333333333305
1457,7.006666666666669
1458,6.11
1459,6.686666666666665
1460,6.681666666666667
1461,6.241666666666666
1462,6.3
1463,6.816666666666664
1464,7.006666666666669
1465,6.3533333333333335
1466,6.223333333333332
1467,6.431666666666666
1468,6.493333333333333
1469,6.340000000000002
1470,7.168333333333332
1471,7.091666666666669
1472,6.704999999999998
1473,6.628333333333335
1474,6.584999999999999
1475,6.378333333333333
1476,6.961666666666664
1477,5.911666666666665
1478,6.9849999999999985
1479,6.91
1480,7.788333333333337
1481,6.493333333333334
1482,7.648333333333336
1483,6.926666666666668
1484,7.355000000000001
1485,6.915000000000004
1486,6.4766666666666675
1487,6.281666666666667
1488,7.5716666666666645
1489,7.006666666666669
1490,7.218333333333334
1491,5.9766666666666675
1492,6.988333333333334
1493,6.501666666666665
1494,6.011666666666665
1495,7.533333333333334
1496,7.013333333333335
1497,6.694999999999999
1498,6.364999999999999
1499,7.295
1500,7.146666666666663
1501,6.1249999999999964
1502,6.325000000000001
1503,6.376666666666665
1504,7.613333333333336
1505,7.236666666666667
1506,6.22
1507,7.121666666666666
1508,5.998333333333334
1509,6.083333333333335
1510,6.4216666666666695
1511,6.0600000000000005
1512,6.568333333333334
1513,6.651666666666666
1514,7.4066666666666645
1515,6.748333333333335
1516,7.361666666666666
1517,7.334999999999999
1518,7.0883333333333365
1519,5.820000000000001
1520,7.103333333333336
1521,6.561666666666663
1522,7.331666666666669
1523,6.835000000000003
1524,7.231666666666666
1525,7.320000000000001
1526,6.1616666666666635
1527,6.741666666666665
1528,6.876666666666668
1529,6.803333333333332
1530,6.908333333333336
1531,6.0133333333333345
1532,6.631666666666665
1533,7.546666666666667
1534,5.975
1535,6.539999999999998
1536,7.394999999999997
1537,7.421666666666665
1538,5.858333333333333
1539,6.576666666666668
1540,7.536666666666666
1541,7.3483333333333345
1542,8.151666666666662
1543,5.613333333333333
1544,6.251666666666666
1545,6.295000000000002
1546,7.341666666666667
1547,7.0716666666666645
1548,6.233333333333333
1549,6.401666666666666
1550,6.3900000000000015
1551,5.735
1552,6.1816666666666675
1553,6.636666666666667
1554,6.956666666666667
1555,6.241666666666668
1556,6.873333333333331
1557,6.3783333333333365
1558,7.281666666666669
1559,6.364999999999999
1560,6.544999999999999
1561,6.415
1562,6.251666666666667
1563,7.076666666666666
1564,6.950000000000004
1565,5.975
1566,7.143333333333332
1567,6.386666666666665
1568,4.609999999999999
1569,7.41666666666667
1570,6.1000000000000005
1571,5.423333333333332
1572,5.7749999999999995
1573,8.448333333333327
1574,6.016666666666666
1575,7.29
1576,6.984999999999999
1577,7.028333333333334
1578,6.953333333333334
1579,6.958333333333334
1580,5.813333333333335
1581,6.503333333333333
1582,8.021666666666667
1583,7.003333333333333
1584,6.376666666666668
1585,6.3333333333333295
1586,6.361666666666667
1587,6.321666666666671
1588,7.183333333333331
1589,7.166666666666668
1590,7.461666666666668
1591,7.000000000000002
1592,5.715
1593,7.035000000000001
1594,5.866666666666668
1595,6.076666666666668
1596,6.771666666666666
1597,7.036666666666663
1598,7.648333333333334
1599,6.266666666666667
1600,5.731666666666666
1601,6.920000000000003
1602,6.823333333333333
1603,7.109999999999998
1604,6.743333333333338
1605,6.948333333333334
1606,7.3983333333333325
1607,6.764999999999999
1608,6.918333333333336
1609,6.883333333333334
1610,7.616666666666671
1611,6.710000000000002
1612,6.910000000000001
1613,8.116666666666664
1614,7.5933333333333355
1615,6.8266666666666715
1616,7.78666666666667
1617,7.636666666666667
1618,6.926666666666665
1619,5.6866666666666665
1620,7.939999999999996
1621,6.555000000000001
1622,7.320000000000001
1623,6.491666666666665
1624,7.715
1625,8.453333333333328
1626,7.606666666666666
1627,7.259999999999996
1628,8.25833333333333
1629,6.280000000000001
1630,6.895
1631,6.756666666666665
1632,7.580000000000001
1633,7.378333333333335
1634,7.198333333333332
1635,7.368333333333334
1636,5.455000000000003
1637,7.341666666666668
1638,6.5116666666666685
1639,6.5666666666666655
1640,5.870000000000002
1641,7.029999999999999
1642,6.873333333333332
1643,6.564999999999999
1644,5.765
1645,6.390000000000001
1646,5.340000000000002
1647,5.988333333333331
1648,6.994999999999998
1649,6.668333333333335
1650,7.231666666666666
1651,7.088333333333334
1652,7.5600000000000005
1653,6.36333333333333
1654,6.858333333333332
1655,7.38
1656,7.633333333333337
1657,6.835000000000003
1658,6.929999999999999
1659,6.858333333333333
1660,6.744999999999999
1661,6.596666666666663
1662,6.448333333333333
1663,7.225000000000002
1664,7.075000000000002
1665,7.248333333333332
1666,7.105000000000001
1667,7.371666666666668
1668,6.81166666666667
1669,7.196666666666666
1670,5.8433333333333355
1671,6.215
1672,7.414999999999997
1673,5.923333333333332
1674,6.533333333333334
1675,6.519999999999999
1676,7.059999999999998
1677,7.40833333333333
1678,6.9433333333333325
1679,7.231666666666666
1680,6.8549999999999995
1681,7.129999999999999
1682,6.381666666666667
1683,6.396666666666666
1684,7.576666666666667
1685,6.510000000000002
1686,6.995000000000001
1687,7.5683333333333325
1688,6.428333333333333
1689,7.105000000000001
1690,6.0566666666666675
1691,6.413333333333333
1692,6.451666666666669
1693,6.614999999999999
1694,7.350000000000004
1695,7.435
1696,6.135000000000001
1697,6.669999999999996
1698,6.643333333333333
1699,7.231666666666666
1700,6.621666666666667
1701,7.25333333333333
1702,5.62833333333333
1703,6.5183333333333335
1704,6.53833333333333
1705,6.888333333333331
1706,6.538333333333336
1707,6.441666666666668
1708,7.456666666666667
1709,6.306666666666668
1710,6.816666666666665
1711,7.023333333333334
1712,5.4033333333333315
1713,6.793333333333334
1714,6.815000000000002
1715,6.955000000000002
1716,6.694999999999999
1717,5.693333333333336
1718,6.175000000000002
1719,6.318333333333334
1720,6.7133333333333365
1721,7.126666666666667
1722,6.815000000000002
1723,6.953333333333332
1724,7.168333333333332
1725,6.2316666666666665
1726,7.096666666666665
1727,6.9483333333333315
1728,7.371666666666668
1729,7.406666666666667
1730,6.985000000000001
1731,7.6066666666666665
1732,6.863333333333331
1733,7.211666666666663
1734,6.42333333333333
1735,6.4
1736,6.241666666666664
1737,6.161666666666665
1738,6.345
1739,7.653333333333336
1740,7.213333333333334
1741,5.364999999999998
1742,7.801666666666668
1743,7.231666666666666
1744,7.589999999999998
1745,7.561666666666667
1746,6.508333333333334
1747,7.2200000000000015
1748,7.380000000000001
1749,7.048333333333334
1750,7.586666666666668
1751,5.619999999999998
1752,7.191666666666662
1753,7.504999999999999
1754,6.908333333333336
1755,6.0600000000000005
1756,6.243333333333335
1757,6.026666666666666
1758,6.795
1759,6.084999999999998
1760,7.21
1761,7.041666666666667
1762,6.343333333333335
1763,7.451666666666665
1764,7.113333333333334
1765,6.3916666666666675
1766,6.233333333333334
1767,6.341666666666669
1768,6.281666666666667
1769,7.059999999999998
1770,7.078333333333335
1771,7.301666666666668
1772,7.108333333333335
1773,6.834999999999999
1774,5.91
1775,6.445000000000001
1776,7.126666666666668
1777,7.594999999999998
1778,6.6816666666666675
1779,6.756666666666667
1780,6.3649999999999975
1781,7.423333333333334
1782,6.455000000000002
1783,7.796666666666669
1784,7.511666666666669
1785,6.75
1786,6.503333333333332
1787,6.266666666666667
1788,7.464999999999999
1789,6.96333333333333
1790,7.241666666666666
1791,6.533333333333334
1792,5.983333333333332
1793,6.096666666666665
1794,7.25333333333333
1795,7.489999999999999
1796,6.848333333333334
1797,5.943333333333336
1798,5.4799999999999995
1799,6.675
1800,6.341666666666667
1801,6.708333333333334
1802,7.526666666666667
1803,5.963333333333336
1804,6.816666666666667
1805,7.0
1806,7.246666666666669
1807,7.541666666666666
1808,7.355
1809,7.503333333333333
1810,7.129999999999999
1811,5.906666666666666
1812,6.67166666666667
1813,6.149999999999998
1814,7.329999999999999
1815,7.976666666666662
1816,7.1816666666666675
1817,6.911666666666667
1818,6.096666666666664
1819,6.651666666666668
1820,7.379999999999996
1821,7.863333333333335
1822,6.615000000000003
1823,6.611666666666667
1824,6.424999999999998
1825,6.323333333333336
1826,6.663333333333333
1827,6.580000000000003
1828,5.798333333333334
1829,7.128333333333334
1830,6.825
1831,6.615
1832,7.011666666666668
1833,7.398333333333334
1834,7.368333333333335
1835,6.23
1836,5.6533333333333315
1837,6.841666666666667
1838,6.8083333333333345
1839,7.606666666666665
1840,6.8783333333333365
1841,6.741666666666665
1842,6.6450000000000005
1843,6.491666666666663
1844,6.728333333333334
1845,5.879999999999998
1846,5.788333333333335
1847,6.653333333333333
1848,6.768333333333332
1849,6.863333333333332
1850,6.6
1851,8.07833333333333
1852,6.9266666666666685
1853,6.406666666666667
1854,5.756666666666665
1855,6.495000000000001
1856,6.628333333333336
1857,6.038333333333336
1858,7.2700000000000005
1859,7.333333333333334
1860,6.64
1861,7.2066666666666634
1862,7.223333333333338
1863,7.516666666666665
1864,7.146666666666667
1865,6.205
1866,7.291666666666667
1867,6.614999999999999
1868,6.2133333333333365
1869,7.595000000000002
1870,6.0166666666666675
1871,7.298333333333335
1872,6.49
1873,7.773333333333335
1874,7.621666666666667
1875,6.96
1876,7.355000000000001
1877,6.825000000000002
1878,7.561666666666667
1879,5.676666666666664
1880,6.226666666666669
1881,7.08333333333333
1882,7.258333333333332
1883,6.758333333333334
1884,6.746666666666666
1885,6.941666666666669
1886,6.941666666666669
1887,6.77
1888,7.208333333333335
1889,7.286666666666665
1890,6.596666666666668
1891,8.01833333333333
1892,7.316666666666669
1893,7.008333333333331
1894,7.41833333333333
1895,6.136666666666667
1896,5.981666666666667
1897,6.67
1898,7.399999999999998
1899,6.603333333333334
1900,6.88
1901,6.413333333333339
1902,7.051666666666666
1903,6.0183333333333335
1904,7.29166666666667
1905,6.686666666666668
1906,7.341666666666667
1907,7.273333333333332
1908,6.974999999999999
1909,7.065
1910,7.016666666666666
1911,6.456666666666665
1912,7.041666666666669
1913,7.5
1914,6.906666666666666
1915,7.6750000000000025
1916,7.231666666666666
1917,6.548333333333335
1918,6.911666666666666
1919,5.925000000000002
1920,7.064999999999998
1921,6.913333333333333
1922,6.813333333333335
1923,6.529999999999997
1924,6.65
1925,7.969999999999996
1926,7.010000000000001
1927,7.341666666666667
1928,7.574999999999997
1929,6.704999999999999
1930,7.10166666666667
1931,6.869999999999999
1932,7.461666666666668
1933,7.490000000000004
1934,8.441666666666661
1935,7.363333333333332
1936,6.959999999999999
1937,7.161666666666668
1938,7.418333333333335
1939,7.241666666666668
1940,7.346666666666665
1941,6.803333333333331
1942,7.101666666666665
1943,7.231666666666666
1944,6.948333333333332
1945,5.348333333333333
1946,6.253333333333329
1947,6.586666666666665
1948,7.411666666666666
1949,6.188333333333333
1950,6.323333333333336
1951,6.908333333333336
1952,6.5216666666666665
1953,7.1000000000000005
1954,6.86666666666667
1955,6.624999999999998
1956,7.116666666666668
1957,7.598333333333333
1958,7.391666666666666
1959,7.423333333333333
1960,6.038333333333332
1961,6.266666666666667
1962,5.993333333333335
1963,6.760000000000001
1964,6.471666666666665
1965,7.430000000000002
1966,6.704999999999998
1967,6.318333333333333
1968,6.813333333333336
1969,6.390000000000001
1970,6.748333333333332
1971,7.5683333333333325
1972,6.418333333333331
1973,6.961666666666663
1974,7.693333333333332
1975,7.1933333333333325
1976,7.135
1977,6.190000000000001
1978,7.231666666666666
1979,7.348333333333333
1980,7.301666666666668
1981,5.996666666666666
1982,6.736666666666668
1983,6.773333333333332
1984,7.286666666666667
1985,5.3233333333333315
1986,7.683333333333334
1987,6.715000000000001
1988,7.0150000000000015
1989,7.069999999999999
1990,7.6516666666666655
1991,6.669999999999999
1992,6.83833333333333
1993,7.5716666666666645
1994,7.315000000000002
1995,6.243333333333335
1996,7.398333333333334
1997,6.584999999999999
1998,7.046666666666664
1999,6.915000000000004
2000,6.826666666666665
2001,6.448333333333332
2002,6.816666666666666
2003,7.396666666666667
2004,6.695000000000001
2005,7.165000000000004
2006,7.053333333333336
2007,6.4750000000000005
2008,7.223333333333335
2009,6.704999999999999
2010,7.348333333333333
2011,7.09666666666667
2012,7.121666666666665
2013,7.780000000000002
2014,7.0749999999999975
2015,7.211666666666668
2016,6.576666666666667
2017,7.125000000000003
2018,6.679999999999998
2019,7.325000000000003
2020,6.296666666666667
2021,6.975
2022,7.168333333333332
2023,7.028333333333332
2024,7.848333333333334
2025,5.570000000000001
2026,6.776666666666669
2027,6.333333333333334
2028,6.818333333333332
2029,7.063333333333333
2030,7.3450000000000015
2031,7.38333333333333
2032,6.828333333333333
2033,7.688333333333336
2034,7.343333333333332
2035,7.2900000000000045
2036,6.519999999999998
2037,7.140000000000001
2038,7.140000000000001
2039,7.439999999999997
2040,7.324999999999995
2041,6.926666666666668
2042,7.63
2043,6.196666666666667
2044,7.226666666666668
2045,6.753333333333334
2046,6.839999999999998
2047,6.666666666666665
2048,7.6533333333333315
2049,6.616666666666669
2050,7.293333333333332
2051,7.311666666666667
2052,7.418333333333333
2053,7.231666666666666
2054,6.5600000000000005
2055,6.500000000000002
2056,6.6383333333333345
2057,6.8033333333333355
2058,6.400000000000002
2059,7.435000000000003
2060,6.926666666666666
2061,7.315
2062,7.238333333333332
2063,6.296666666666668
2064,7.320000000000003
2065,7.466666666666665
2066,6.965000000000001
2067,7.320000000000003
2068,7.5933333333333355
2069,6.175000000000002
2070,7.231666666666666
2071,6.69666666666667
2072,7.111666666666668
2073,5.6816666666666675
2074,7.320000000000001
2075,6.786666666666665
2076,7.394999999999995
2077,5.746666666666667
2078,6.500000000000001
2079,6.598333333333334
2080,7.561666666666667
2081,6.094999999999999
2082,6.993333333333334
2083,7.09666666666667
2084,7.106666666666664
2085,7.231666666666666
2086,5.9866666666666655
2087,6.760000000000003
2088,7.424999999999998
2089,6.0600000000000005
2090,6.768333333333333
2091,7.574999999999997
2092,7.394999999999997
2093,5.968333333333334
2094,5.665
2095,7.103333333333331
2096,5.658333333333334
2097,7.326666666666666
2098,7.323333333333334
2099,7.181666666666666
2100,7.233333333333333
2101,6.804999999999999
2102,7.231666666666666
2103,7.238333333333336
2104,7.5183333333333335
2105,6.659999999999998
2106,7.615000000000004
2107,7.323333333333334
2108,6.750000000000001
2109,7.321666666666667
2110,7.231666666666666
2111,7.535000000000003
2112,6.345000000000001
2113,6.888333333333334
2114,7.723333333333333
2115,6.788333333333335
2116,6.948333333333333
2117,6.5933333333333355
2118,6.095
2119,5.769999999999998
2120,7.9116666666666635
2121,7.701666666666665
2122,6.769999999999999
2123,6.845
2124,7.006666666666663
2125,7.334999999999998
2126,8.04166666666667
2127,6.621666666666668
2128,7.231666666666666
2129,7.228333333333334
2130,6.748333333333333
2131,7.30666666666667
2132,6.495000000000001
2133,7.5716666666666645
2134,6.923333333333334
2135,7.09666666666667
2136,7.8149999999999995
2137,6.515000000000002
2138,7.026666666666667
2139,6.435000000000001
2140,7.616666666666671
2141,7.836666666666667
2142,6.501666666666664
2143,6.175000000000002
2144,7.128333333333335
2145,6.591666666666667
2146,6.835
2147,7.231666666666666
2148,7.231666666666666
2149,6.8900000000000015
2150,7.7416666666666645
2151,6.459999999999999
2152,7.230000000000002
2153,6.858333333333336
2154,7.053333333333331
2155,7.146666666666669
2156,6.768333333333333
2157,6.208333333333332
2158,6.804999999999999
2159,6.811666666666667
2160,7.231666666666666
2161,5.588333333333335
2162,7.068333333333333
2163,7.585000000000003
2164,7.1016666666666675
2165,6.783333333333334
2166,6.273333333333332
2167,7.375000000000001
2168,7.018333333333334
2169,6.736666666666669
2170,6.864999999999998
2171,7.438333333333333
2172,7.178333333333336
2173,6.0266666666666655
2174,7.400000000000001
2175,7.019999999999996
2176,7.391666666666667
2177,7.130000000000001
2178,7.231666666666666
2179,6.750000000000001
2180,7.916666666666665
2181,7.065
2182,6.89
2183,6.908333333333335
2184,6.280000000000001
2185,7.811666666666667
2186,6.655000000000001
2187,7.223333333333335
2188,6.504999999999999
2189,7.295000000000001
2190,7.366666666666666
2191,7.5566666666666675
2192,6.778333333333333
2193,7.1850000000000005
2194,6.768333333333333
2195,7.625000000000003
2196,7.565
2197,7.228333333333335
2198,7.006666666666667
2199,6.940000000000001
2200,6.4599999999999955
2201,6.8
2202,7.691666666666665
2203,6.081666666666665
2204,6.720000000000001
2205,7.071666666666667
2206,7.561666666666667
2207,6.845000000000001
2208,7.036666666666671
2209,7.489999999999999
2210,7.165000000000004
2211,7.0483333333333364
2212,5.9016666666666655
2213,7.158333333333335
2214,7.328333333333332
2215,7.180000000000003
2216,7.103333333333331
2217,6.271666666666665
2218,6.411666666666665
2219,7.128333333333335
2220,7.231666666666666
2221,7.371666666666667
2222,6.698333333333333
2223,5.2366666666666655
2224,7.565
2225,7.931666666666667
2226,7.049999999999999
2227,7.453333333333331
2228,6.594999999999998
2229,6.523333333333334
2230,7.5166666666666675
2231,7.196666666666664
2232,5.353333333333335
2233,5.633333333333331
2234,6.3450000000000015
2235,7.231666666666666
2236,6.576666666666669
2237,7.856666666666665
2238,6.749999999999999
2239,7.373333333333334
2240,7.5683333333333325
2241,6.913333333333333
2242,7.328333333333336
2243,7.231666666666666
2244,7.268333333333333
2245,6.663333333333337
2246,6.44
2247,5.996666666666665
2248,6.661666666666667
2249,7.576666666666669
2250,7.231666666666666
2251,6.85
2252,6.801666666666664
2253,6.3199999999999985
2254,6.873333333333336
2255,6.201666666666668
2256,7.231666666666666
2257,7.090000000000002
2258,6.129999999999998
2259,6.831666666666668
2260,7.238333333333336
2261,6.915000000000002
2262,6.9833333333333325
2263,6.813333333333334
2264,7.871666666666668
2265,6.731666666666667
2266,7.7666666666666675
2267,6.633333333333334
2268,7.41666666666667
2269,6.466666666666668
2270,6.783333333333334
2271,7.133333333333329
2272,6.721666666666667
2273,7.343333333333334
2274,6.649999999999997
2275,7.093333333333334
2276,7.304999999999996
2277,6.121666666666667
2278,5.308333333333334
2279,6.655000000000001
2280,6.941666666666666
2281,6.913333333333332
2282,7.561666666666667
2283,7.3500000000000005
2284,7.320000000000003
2285,7.231666666666666
2286,7.003333333333333
2287,7.231666666666666
2288,6.548333333333333
2289,7.378333333333333
2290,7.408333333333336
2291,7.445000000000001
2292,7.371666666666668
2293,6.110000000000001
2294,7.0950000000000015
2295,7.320000000000003
2296,7.3816666666666695
2297,7.148333333333335
2298,5.578333333333333
2299,7.410000000000003
2300,7.1766666666666685
2301,6.995000000000002
2302,7.153333333333332
2303,6.638333333333334
2304,7.179999999999999
2305,6.656666666666666
2306,6.818333333333332
2307,7.148333333333331
2308,7.556666666666669
2309,7.366666666666668
2310,5.678333333333337
2311,7.646666666666663
2312,6.461666666666663
2313,5.410000000000001
2314,6.415
2315,7.115000000000003
2316,7.5716666666666645
2317,6.1283333333333365
2318,7.384999999999996
2319,6.49
2320,6.1633333333333375
2321,7.989999999999995
2322,7.171666666666667
2323,7.574999999999997
2324,7.168333333333336
2325,6.223333333333333
2326,6.899999999999998
2327,6.708333333333332
2328,7.325000000000001
2329,6.601666666666668
2330,6.891666666666668
2331,6.351666666666666
2332,6.0600000000000005
2333,7.461666666666668
2334,7.108333333333335
2335,7.2700000000000005
2336,6.784999999999999
2337,7.33
2338,7.231666666666666
2339,6.480000000000001
2340,6.790000000000001
2341,7.3216666666666645
2342,6.623333333333333
2343,6.358333333333333
2344,7.195000000000003
2345,7.026666666666668
2346,7.441666666666669
2347,7.485
2348,7.02
2349,6.871666666666668
2350,6.748333333333334
2351,7.5716666666666645
2352,6.918333333333336
2353,7.231666666666666
2354,7.466666666666665
2355,7.414999999999997
2356,7.5716666666666645
2357,7.826666666666669
2358,7.5716666666666645
2359,7.213333333333329
2360,7.733333333333331
2361,7.9333333333333345
2362,7.249999999999999
2363,7.616666666666668
2364,7.733333333333331
2365,6.453333333333332
2366,7.105
2367,7.131666666666667
2368,6.453333333333332
2369,6.453333333333332
2370,6.453333333333332
2371,7.188333333333334
2372,6.453333333333332
2373,7.508333333333334
2374,7.459999999999998
2375,6.453333333333332
2376,6.453333333333332
2377,7.733333333333331
2378,6.636666666666666
2379,6.991666666666666
2380,5.694999999999999
2381,7.226666666666663
2382,6.539999999999997
2383,7.458333333333337
2384,7.458333333333337
2385,7.458333333333337
2386,7.458333333333337
2387,7.458333333333337
2388,7.458333333333337
2389,7.458333333333337
2390,7.55666666666667
2391,7.231666666666666
2392,7.733333333333331
2393,6.579999999999998
2394,7.1200000000000045
2395,7.441666666666669
2396,6.634999999999999
2397,7.018333333333336
2398,7.188333333333338
2399,6.780000000000002
2400,7.033333333333333
2401,7.278333333333331
2402,6.750000000000001
2403,6.750000000000001
2404,7.231666666666666
2405,6.485
2406,7.249999999999999
2407,7.249999999999999
2408,7.249999999999999
2409,7.249999999999999
2410,7.249999999999999
2411,7.249999999999999
2412,7.423333333333329
2413,6.723333333333335
2414,6.694999999999999
2415,7.465000000000003
2416,7.465000000000003
2417,7.231666666666666
2418,7.231666666666666
2419,7.458333333333334
2420,6.416666666666666
2421,6.416666666666666
2422,6.416666666666666
2423,6.416666666666666
2424,6.416666666666666
2425,6.416666666666666
2426,7.256666666666664
2427,6.383333333333337
2428,6.416666666666666
2429,6.416666666666666
2430,6.416666666666666
2431,6.416666666666666
2432,6.416666666666666
2433,6.416666666666666
2434,6.416666666666666
2435,6.416666666666666
2436,7.231666666666666
2437,6.75
2438,6.819999999999998
2439,5.489999999999999
2440,5.363333333333332
2441,5.535
2442,7.4816666666666665
2443,6.966666666666666
2444,6.606666666666666
2445,7.8400000000000025
2446,7.431666666666669
2447,6.543333333333334
2448,6.848333333333332
2449,7.50166666666667
2450,7.231666666666666
2451,7.180000000000004
2452,7.110000000000001
2453,7.495000000000001
2454,6.583333333333334
2455,6.6266666666666705
2456,7.018333333333336
2457,7.101666666666665
2458,7.006666666666669
2459,6.971666666666668
2460,6.595
2461,6.646666666666671
2462,7.006666666666667
2463,7.313333333333336
2464,7.406666666666667
2465,6.753333333333335
2466,7.578333333333335
2467,7.170000000000001
2468,6.521666666666666
2469,6.733333333333337
2470,6.818333333333332
2471,7.676666666666664
2472,6.691666666666666
2473,6.1866666666666665
2474,6.573333333333334
2475,6.3149999999999995
2476,5.971666666666668
2477,7.528333333333332
2478,7.41333333333333
2479,7.528333333333332
2480,5.8666666666666645
2481,5.921666666666667
2482,5.921666666666667
2483,7.528333333333332
2484,7.528333333333332
2485,7.495000000000001
2486,6.569999999999999
2487,6.096666666666665
2488,6.569999999999999
2489,6.416666666666666
2490,5.8816666666666695
2491,6.416666666666668
2492,6.053333333333333
2493,6.313333333333332
2494,6.903333333333336
2495,6.048333333333335
2496,6.3666666666666725
2497,5.8616666666666655
2498,7.363333333333334
2499,7.066666666666664
2500,7.0500000000000025
2501,6.099999999999999
2502,5.906666666666668
2503,7.004999999999998
2504,6.263333333333332
2505,6.693333333333332
2506,6.8866666666666685
2507,7.318333333333332
2508,5.9916666666666645
2509,6.765000000000001
2510,7.323333333333334
2511,7.724999999999997
2512,7.185000000000001
2513,6.3783333333333365
2514,7.0699999999999985
2515,6.573333333333332
2516,7.246666666666668
2517,6.9066666666666645
2518,6.296666666666667
2519,5.705
2520,7.73166666666667
2521,6.171666666666665
2522,6.248333333333334
2523,7.441666666666661
2524,6.538333333333331
2525,5.931666666666664
2526,6.7366666666666655
2527,7.219999999999997
2528,6.619999999999998
2529,7.134999999999999
2530,6.593333333333332
2531,7.450000000000003
2532,5.804999999999999
2533,6.584999999999997
2534,6.465000000000002
2535,7.566666666666666
2536,6.453333333333335
2537,7.1533333333333315
2538,7.578333333333332
2539,6.571666666666667
2540,6.324999999999998
2541,6.588333333333333
2542,6.933333333333336
2543,6.836666666666664
2544,7.048333333333335
2545,5.901666666666667
2546,7.043333333333336
2547,6.918333333333336
2548,6.76
2549,6.541666666666667
2550,7.533333333333331
2551,7.263333333333334
2552,6.258333333333334
2553,6.7799999999999985
2554,6.811666666666667
2555,6.1149999999999975
2556,7.555000000000002
2557,6.230000000000002
2558,7.678333333333332
2559,8.393333333333329
2560,5.623333333333333
2561,6.341666666666668
2562,6.241666666666666
2563,7.4883333333333315
2564,7.16333333333333
2565,6.965000000000001
2566,6.85
2567,6.363333333333332
2568,5.618333333333334
2569,5.911666666666665
2570,6.77166666666667
2571,6.765
2572,6.273333333333336
2573,7.8866666666666685
2574,7.190000000000001
2575,7.3916666666666675
2576,7.204999999999998
2577,7.281666666666666
2578,6.083333333333335
2579,5.718333333333335
2580,6.046666666666668
2581,7.364999999999997
2582,7.334999999999999
2583,6.496666666666668
2584,6.563333333333332
2585,5.936666666666669
2586,6.118333333333333
2587,6.084999999999998
2588,5.543333333333334
2589,6.546666666666669
2590,6.999999999999999
2591,6.906666666666668
2592,6.898333333333334
2593,6.98
2594,6.6933333333333325
2595,7.538333333333333
2596,5.285000000000002
2597,6.908333333333336
2598,7.243333333333334
2599,6.408333333333336
2600,7.36
2601,5.875000000000001
2602,6.156666666666666
2603,8.021666666666667
2604,6.321666666666671
2605,7.0983333333333345
2606,7.166666666666668
2607,7.778333333333335
2608,6.623333333333334
2609,7.125000000000001
2610,6.616666666666663
2611,7.199999999999999
2612,6.266666666666667
2613,6.14
2614,6.920000000000003
2615,6.189999999999999
2616,7.3983333333333325
2617,6.278333333333333
2618,6.949999999999999
2619,6.910000000000001
2620,5.8516666666666675
2621,6.828333333333331
2622,7.104999999999999
2623,7.029999999999999
2624,7.6850000000000005
2625,7.429999999999997
2626,6.675000000000002
2627,7.26
2628,6.455000000000001
2629,6.858333333333333
2630,7.681666666666669
2631,6.931666666666664
2632,6.519999999999999
2633,6.9266666666666685
2634,6.521666666666667
2635,6.756666666666666
2636,7.188333333333333
2637,7.189999999999997
2638,6.574999999999999
2639,7.231666666666666
2640,7.25333333333333
2641,7.613333333333332
2642,6.528333333333334
2643,6.635000000000002
2644,6.491666666666664
2645,6.318333333333334
2646,6.918333333333336
2647,6.866666666666666
2648,6.6083333333333325
2649,6.548333333333332
2650,6.985
2651,6.125
2652,7.113333333333334
2653,7.231666666666666
2654,7.331666666666669
2655,7.456666666666665
2656,7.065
2657,6.965000000000003
2658,7.4049999999999985
2659,6.681666666666667
2660,7.233333333333335
2661,7.188333333333331
2662,6.455000000000002
2663,7.183333333333332
2664,5.92
2665,6.346666666666668
2666,7.834999999999999
2667,5.83833333333333
2668,6.936666666666666
2669,6.715000000000001
2670,7.025000000000002
2671,6.918333333333332
2672,5.828333333333335
2673,7.896666666666664
2674,7.088333333333332
2675,6.989999999999998
2676,6.775000000000003
2677,6.720000000000001
2678,6.991666666666668
2679,6.589999999999998
2680,6.653333333333333
2681,7.930000000000002
2682,6.6
2683,6.638333333333333
2684,5.913333333333335
2685,6.776666666666665
2686,7.34
2687,6.621666666666668
2688,6.588333333333332
2689,7.101666666666663
2690,7.503333333333332
2691,7.681666666666666
2692,7.701666666666665
2693,6.955000000000002
2694,7.358333333333334
2695,6.13
2696,6.6866666666666665
2697,5.9416666666666655
2698,6.950000000000004
2699,7.273333333333332
2700,5.803333333333334
2701,6.683333333333334
2702,6.869999999999999
2703,6.433333333333333
2704,7.346666666666665
2705,7.231666666666666
2706,7.233333333333333
2707,7.44
2708,7.1000000000000005
2709,6.576666666666666
2710,7.051666666666665
2711,6.376666666666665
2712,6.948333333333333
2713,7.189999999999998
2714,7.351666666666668
2715,6.119999999999999
2716,6.353333333333333
2717,6.931666666666667
2718,6.869999999999998
2719,7.608333333333336
2720,6.6400000000000015
2721,7.295000000000001
2722,6.9783333333333335
2723,7.435000000000003
2724,7.594999999999998
2725,6.703333333333334
2726,6.381666666666667
2727,6.7233333333333345
2728,6.4750000000000005
2729,7.483333333333332
2730,7.206666666666665
2731,6.449999999999999
2732,6.208333333333333
2733,6.521666666666667
2734,6.3916666666666675
2735,6.136666666666666
2736,7.051666666666665
2737,6.773333333333334
2738,7.1116666666666655
2739,6.5783333333333305
2740,7.0166666666666675
2741,7.125
2742,6.793333333333335
2743,6.776666666666669
2744,6.74
2745,7.235000000000002
2746,7.218333333333333
2747,7.326666666666666
2748,6.659999999999998
2749,6.843333333333331
2750,7.334999999999998
2751,6.361666666666669
2752,6.943333333333336
2753,5.885000000000002
2754,7.523333333333334
2755,6.244999999999999
2756,6.2200000000000015
2757,6.13
2758,5.746666666666669
2759,6.9783333333333335
2760,6.781666666666666
2761,7.019999999999996
2762,7.399999999999997
2763,7.193333333333334
2764,6.593333333333333
2765,7.484999999999999
2766,7.656666666666668
2767,6.470000000000004
2768,6.261666666666667
2769,7.366666666666666
2770,7.276666666666668
2771,7.429999999999997
2772,6.833333333333335
2773,7.348333333333334
2774,7.396666666666664
2775,7.425000000000002
2776,6.813333333333335
2777,6.565
2778,6.81
2779,6.981666666666664
2780,7.6933333333333325
2781,7.049999999999999
2782,7.701666666666668
2783,7.504999999999999
2784,6.793333333333332
2785,7.451666666666666
2786,6.58
2787,6.826666666666668
2788,7.638333333333336
2789,7.126666666666667
2790,7.231666666666666
2791,6.969999999999999
2792,7.025000000000003
2793,7.393333333333333
2794,6.095
2795,7.441666666666669
2796,5.795000000000002
2797,6.585
2798,6.585
2799,7.9333333333333345
2800,7.288333333333329
2801,7.616666666666668
2802,6.958333333333332
2803,5.9383333333333335
2804,7.321666666666667
2805,7.548333333333334
2806,7.711666666666665
2807,5.8599999999999985
2808,7.288333333333329
2809,6.03833333333333
2810,7.5099999999999945
2811,5.405000000000001
2812,7.5099999999999945
2813,5.956666666666665
2814,7.5099999999999945
2815,7.5099999999999945
2816,7.5099999999999945
2817,6.545000000000001
2818,6.501666666666667
2819,7.226666666666665
2820,7.086666666666667
2821,6.12
2822,7.275
2823,7.211666666666665
2824,7.211666666666665
2825,6.958333333333332
2826,7.713333333333336
2827,6.958333333333332
2828,6.958333333333332
2829,6.958333333333332
2830,6.958333333333332
2831,6.958333333333332
2832,7.1883333333333335
2833,7.675
2834,5.733333333333335
2835,7.226666666666665
2836,6.463333333333336
2837,7.1200000000000045
2838,7.441666666666669
2839,6.873333333333333
2840,7.791666666666668
2841,7.763333333333333
2842,7.380000000000002
2843,6.706666666666664
2844,6.873333333333333
2845,6.693333333333331
2846,6.873333333333333
2847,6.873333333333333
2848,6.873333333333333
2849,6.873333333333333
2850,6.858333333333333
2851,6.465
2852,7.4916666666666645
2853,6.121666666666668
2854,5.999999999999999
2855,6.75
2856,7.164999999999996
2857,7.164999999999996
2858,7.164999999999996
2859,6.956666666666669
2860,7.203333333333334
2861,6.518333333333333
2862,7.339999999999998
2863,6.783333333333334
2864,6.849999999999997
2865,7.231666666666666
2866,6.201666666666666
2867,6.3999999999999995
2868,7.308333333333332
2869,7.194999999999995
2870,7.194999999999995
2871,6.298333333333333
2872,6.4549999999999965
2873,6.586666666666669
2874,5.653333333333334
2875,5.924999999999999
2876,5.583333333333332
2877,5.913333333333331
2878,5.746666666666665
2879,6.026666666666666
2880,6.4549999999999965
2881,7.2533333333333285
2882,7.029999999999997
2883,6.901666666666663
2884,5.829999999999999
2885,7.048333333333329
2886,7.084999999999996
2887,7.224999999999996
2888,6.9616666666666625
2889,7.039999999999996
2890,7.798333333333334
2891,7.134999999999999
2892,7.568333333333336
2893,5.264999999999999
2894,6.413333333333333
2895,6.920000000000001
2896,6.461666666666671
2897,7.006666666666664
2898,7.603333333333337
2899,6.985000000000001
2900,7.146666666666663
2901,7.583333333333337
2902,7.231666666666666
2903,6.903333333333333
2904,7.231666666666666
2905,7.209999999999999
2906,6.863333333333334
2907,6.06
2908,6.533333333333335
2909,6.7799999999999985
2910,6.8966666666666665
2911,6.501666666666666
2912,6.46166666666667
2913,6.483333333333333
2914,5.945000000000002
2915,5.998333333333334
2916,7.5716666666666645
2917,6.711666666666668
2918,6.8616666666666655
2919,7.650000000000001
2920,6.828333333333334
2921,7.9316666666666675
2922,6.993333333333333
2923,6.988333333333334
2924,6.568333333333333
2925,6.845
2926,7.233333333333337
2927,7.231666666666666
2928,7.231666666666666
2929,7.871666666666668
2930,7.231666666666666
2931,6.293333333333336
2932,7.231666666666666
2933,6.4449999999999985
2934,7.231666666666666
2935,5.681666666666668
2936,5.926666666666668
2937,6.788333333333333
2938,7.465000000000003
2939,4.659999999999999
2940,7.231666666666666
2941,6.209999999999998
2942,7.348333333333334
2943,6.8033333333333355
2944,6.4599999999999955
2945,7.778333333333335
2946,6.496666666666668
2947,6.754999999999998
2948,7.5716666666666645
2949,6.950000000000001
2950,6.876666666666668
2951,7.493333333333334
2952,6.470000000000003
2953,7.168333333333334
2954,7.006666666666669
2955,6.79666666666667
2956,6.718333333333333
2957,7.441666666666664
2958,6.246666666666667
2959,7.574999999999997
2960,6.298333333333334
2961,6.848333333333333
2962,7.133333333333334
2963,7.073333333333333
2964,6.821666666666667
2965,7.151666666666665
2966,7.5716666666666645
2967,7.888333333333331
2968,6.194999999999998
2969,7.29
2970,7.881666666666665
2971,6.281666666666664
2972,7.243333333333334
2973,7.424999999999999
2974,6.726666666666666
2975,6.494999999999998
2976,7.183333333333334
2977,6.881666666666666
2978,4.609999999999999
2979,7.678333333333332
2980,6.790000000000001
2981,7.078333333333334
2982,6.876666666666668
2983,7.888333333333335
2984,7.235000000000002
2985,7.021666666666669
2986,6.685000000000002
2987,7.639999999999998
2988,7.298333333333332
2989,6.151666666666668
2990,7.288333333333335
2991,6.659999999999998
2992,7.5233333333333325
2993,6.826666666666666
2994,8.469999999999994
2995,5.569999999999999
2996,6.548333333333336
2997,6.961666666666669
2998,5.831666666666668
2999,7.251666666666664
3000,7.231666666666666
3001,5.6866666666666665
3002,6.703333333333333
3003,6.646666666666669
3004,6.668333333333336
3005,7.828333333333333
3006,7.008333333333334
3007,7.231666666666666
3008,6.921666666666667
3009,6.441666666666666
3010,6.948333333333334
3011,7.231666666666666
3012,7.2183333333333355
3013,7.496666666666666
3014,7.224999999999999
3015,6.85
3016,7.116666666666664
3017,6.963333333333334
3018,6.3683333333333385
3019,6.549999999999999
3020,7.0600000000000005
3021,7.299999999999995
3022,6.5983333333333345
3023,6.894999999999999
3024,7.231666666666666
3025,6.08
3026,6.488333333333339
3027,6.881666666666667
3028,6.47
3029,7.488333333333335
3030,6.693333333333334
3031,7.9316666666666675
3032,7.565000000000002
3033,6.048333333333333
3034,7.928333333333334
3035,7.211666666666663
3036,7.066666666666668
3037,7.62166666666667
3038,7.958333333333334
3039,7.294999999999997
3040,6.691666666666666
3041,6.1533333333333315
3042,7.496666666666668
3043,7.5716666666666645
3044,7.45
3045,6.511666666666665
3046,6.961666666666665
3047,5.641666666666667
3048,7.773333333333335
3049,6.508333333333331
3050,6.920000000000001
3051,7.62166666666667
3052,7.781666666666669
3053,7.653333333333336
3054,6.978333333333336
3055,5.541666666666666
3056,7.524999999999998
3057,7.033333333333334
3058,7.231666666666666
3059,7.198333333333332
3060,7.258333333333332
3061,7.72666666666667
3062,6.133333333333335
3063,7.148333333333332
3064,7.163333333333335
3065,7.231666666666666
3066,7.386666666666668
3067,7.251666666666668
3068,6.060000000000001
3069,6.011666666666667
3070,7.833333333333333
3071,7.489999999999999
3072,6.808333333333334
3073,6.953333333333332
3074,7.346666666666667
3075,6.746666666666667
3076,7.833333333333333
3077,7.138333333333333
3078,7.736666666666665
3079,6.643333333333334
3080,6.618333333333333
3081,7.058333333333334
3082,7.183333333333332
3083,7.015000000000001
3084,6.953333333333332
3085,6.308333333333329
3086,6.87
3087,5.579999999999997
3088,7.031666666666667
3089,7.464999999999999
3090,6.776666666666668
3091,5.443333333333331
3092,7.565000000000002
3093,6.446666666666668
3094,7.25333333333333
3095,6.891666666666668
3096,6.305000000000003
3097,6.533333333333333
3098,7.231666666666666
3099,7.745000000000001
3100,6.954999999999999
3101,7.505000000000001
3102,6.606666666666667
3103,7.053333333333332
3104,7.511666666666669
3105,6.295000000000001
3106,6.115
3107,7.213333333333329
3108,6.290000000000003
3109,6.968333333333333
3110,7.320000000000001
3111,7.594999999999998
3112,7.231666666666666
3113,6.956666666666667
3114,7.615000000000004
3115,7.691666666666665
3116,6.5783333333333305
3117,6.843333333333334
3118,7.616666666666671
3119,7.7416666666666645
3120,7.183333333333332
3121,7.909999999999998
3122,7.398333333333334
3123,7.74166666666667
3124,6.400000000000001
3125,7.596666666666667
3126,6.144999999999999
3127,6.413333333333335
3128,6.783333333333332
3129,6.298333333333334
3130,5.688333333333332
3131,7.574999999999997
3132,7.641666666666666
3133,7.423333333333331
3134,6.239999999999998
3135,6.900000000000001
3136,6.993333333333333
3137,7.231666666666666
3138,5.696666666666668
3139,6.5783333333333305
3140,7.574999999999997
3141,6.431666666666666
3142,6.858333333333335
3143,7.076666666666666
3144,7.524999999999998
3145,7.415
3146,7.4016666666666655
3147,7.035
3148,6.931666666666668
3149,7.231666666666666
3150,6.6099999999999985
3151,7.139999999999999
3152,7.231666666666666
3153,7.059999999999998
3154,6.6883333333333335
3155,6.711666666666663
3156,7.231666666666666
3157,7.603333333333336
3158,7.489999999999999
3159,7.778333333333335
3160,7.78666666666667
3161,6.531666666666667
3162,7.738333333333336
3163,7.811666666666669
3164,6.285000000000003
3165,7.496666666666668
3166,6.010000000000001
3167,6.876666666666667
3168,7.5233333333333325
3169,7.231666666666666
3170,7.140000000000002
3171,6.829999999999999
3172,6.896666666666667
3173,7.5383333333333296
3174,6.671666666666667
3175,6.838333333333333
3176,7.513333333333336
3177,6.906666666666668
3178,7.826666666666669
3179,7.021666666666669
3180,7.703333333333335
3181,7.231666666666666
3182,7.574999999999997
3183,7.656666666666666
3184,7.6466666666666665
3185,6.52666666666667
3186,6.955000000000003
3187,7.881666666666665
3188,7.231666666666666
3189,7.231666666666666
3190,7.793333333333335
3191,7.1750000000000025
3192,6.828333333333333
3193,7.231666666666666
3194,7.231666666666666
3195,7.683333333333337
3196,7.460000000000002
3197,7.253333333333333
3198,7.68166666666667
3199,7.336666666666664
3200,7.231666666666666
3201,7.003333333333338
3202,6.731666666666667
3203,7.231666666666666
3204,6.950000000000004
3205,6.028333333333337
3206,6.6816666666666675
3207,6.5783333333333305
3208,6.9750000000000005
3209,7.701666666666665
3210,6.541666666666666
3211,7.701666666666665
3212,7.180000000000001
3213,6.851666666666666
3214,7.508333333333334
3215,7.958333333333334
3216,7.9316666666666675
3217,6.87
3218,7.178333333333332
3219,7.349999999999999
3220,6.976666666666669
3221,7.006666666666669
3222,7.501666666666666
3223,4.754999999999998
3224,5.9916666666666645
3225,6.801666666666667
3226,7.578333333333331
3227,7.231666666666666
3228,7.876666666666666
3229,7.071666666666668
3230,7.495000000000001
3231,7.091666666666665
3232,5.463333333333335
3233,6.863333333333336
3234,7.0
3235,7.7700000000000005
3236,7.879999999999999
3237,6.928333333333334
3238,7.231666666666666
3239,5.956666666666669
3240,6.683333333333335
3241,7.231666666666666
3242,7.833333333333333
3243,6.281666666666666
3244,6.5783333333333305
3245,7.496666666666667
3246,6.956666666666667
3247,7.389999999999998
3248,7.431666666666664
3249,7.815000000000002
3250,6.891666666666667
3251,6.970000000000003
3252,5.725
3253,6.626666666666667
3254,7.594999999999998
3255,7.231666666666666
3256,7.231666666666666
3257,7.2749999999999995
3258,7.231666666666666
3259,7.535000000000003
3260,7.833333333333335
3261,6.8066666666666675
3262,6.400000000000003
3263,6.2749999999999995
3264,7.5716666666666645
3265,6.0333333333333306
3266,6.941666666666668
3267,6.801666666666666
3268,7.70166666666667
3269,7.5716666666666645
3270,7.231666666666666
3271,6.953333333333332
3272,7.428333333333337
3273,7.295
3274,7.231666666666666
3275,6.750000000000001
3276,7.231666666666666
3277,7.231666666666666
3278,6.691666666666665
3279,7.5716666666666645
3280,7.023333333333334
3281,7.62166666666667
3282,6.611666666666669
3283,7.418333333333335
3284,7.91166666666667
3285,7.833333333333333
3286,7.611666666666669
3287,6.758333333333334
3288,6.254999999999999
3289,6.886666666666668
3290,6.826666666666667
3291,6.728333333333336
3292,6.286666666666666
3293,6.5666666666666655
3294,7.076666666666666
3295,6.328333333333332
3296,7.231666666666666
3297,7.058333333333333
3298,7.435000000000003
3299,7.231666666666666
3300,6.261666666666669
3301,6.895
3302,7.231666666666666
3303,7.691666666666666
3304,7.846666666666667
3305,7.231666666666666
3306,6.955000000000001
3307,7.549999999999999
3308,6.953333333333332
3309,6.22
3310,7.023333333333332
3311,7.231666666666666
3312,7.231666666666666
3313,7.231666666666666
3314,6.733333333333334
3315,6.711666666666664
3316,7.310000000000001
3317,6.788333333333332
3318,7.598333333333335
3319,6.850000000000002
3320,7.426666666666666
3321,7.7433333333333305
3322,6.86
3323,7.231666666666666
3324,7.408333333333333
3325,7.5716666666666645
3326,7.503333333333333
3327,7.576666666666666
3328,7.425
3329,7.231666666666666
3330,7.798333333333334
3331,6.013333333333334
3332,6.733333333333331
3333,7.194999999999997
3334,7.47833333333333
3335,6.835
3336,7.691666666666665
3337,7.093333333333333
3338,6.953333333333332
3339,7.616666666666671
3340,7.606666666666665
3341,7.178333333333333
3342,7.231666666666666
3343,7.394999999999997
3344,7.931666666666667
3345,7.211666666666663
3346,7.661666666666667
3347,7.633333333333334
3348,6.74166666666667
3349,6.8450000000000015
3350,7.209999999999999
3351,7.231666666666666
3352,6.4333333333333345
3353,7.2799999999999985
3354,6.5783333333333305
3355,7.958333333333334
3356,7.594999999999998
3357,6.783333333333333
3358,6.958333333333333
3359,7.5716666666666645
3360,7.5716666666666645
3361,7.6683333333333366
3362,6.923333333333336
3363,7.201666666666668
3364,7.489999999999999
3365,6.5783333333333305
3366,7.121666666666667
3367,7.8149999999999995
3368,7.231666666666666
3369,7.350000000000003
3370,6.045000000000002
3371,7.401666666666665
3372,6.8549999999999995
3373,7.268333333333335
3374,7.28
3375,7.741666666666664
3376,7.208333333333332
3377,7.615000000000004
3378,7.334999999999997
3379,6.918333333333336
3380,7.231666666666666
3381,7.394999999999997
3382,7.484999999999999
3383,6.620000000000003
3384,7.231666666666666
3385,6.3299999999999965
3386,6.836666666666668
3387,7.231666666666666
3388,7.476666666666669
3389,6.953333333333332
3390,7.231666666666666
3391,7.140000000000001
3392,7.231666666666666
3393,7.125000000000004
3394,7.231666666666666
3395,7.200000000000002
3396,7.573333333333332
3397,7.076666666666666
3398,6.775
3399,7.683333333333337
3400,6.191666666666666
3401,6.945000000000001
3402,7.898333333333334
3403,7.1433333333333335
3404,7.586666666666669
3405,6.700000000000001
3406,7.231666666666668
3407,7.558333333333335
3408,7.020000000000001
3409,6.953333333333332
3410,7.6750000000000025
3411,6.970000000000003
3412,7.038333333333333
3413,7.231666666666666
3414,5.848333333333334
3415,7.231666666666666
3416,6.640000000000005
3417,5.588333333333335
3418,6.804999999999998
3419,7.231666666666666
3420,7.474999999999999
3421,7.231666666666666
3422,6.911666666666666
3423,7.611666666666669
3424,7.381666666666666
3425,7.356666666666666
3426,7.925
3427,6.958333333333334
3428,7.021666666666669
3429,7.231666666666666
3430,7.098333333333334
3431,7.231666666666666
3432,6.5783333333333305
3433,6.386666666666667
3434,7.566666666666665
3435,7.695000000000001
3436,7.201666666666665
3437,7.238333333333333
3438,7.231666666666666
3439,6.081666666666668
3440,7.543333333333336
3441,6.750000000000001
3442,7.389999999999999
3443,7.231666666666666
3444,6.681666666666666
3445,7.524999999999998
3446,6.923333333333334
3447,7.231666666666666
3448,7.639999999999998
3449,7.5716666666666645
3450,6.944999999999999
3451,6.918333333333336
3452,7.289999999999997
3453,7.231666666666666
3454,7.235000000000002
3455,7.299999999999999
3456,7.231666666666666
3457,7.231666666666666
3458,7.384999999999999
3459,6.261666666666667
3460,7.34
3461,5.875
3462,7.594999999999998
3463,7.290000000000002
3464,7.481666666666669
3465,7.231666666666666
3466,7.231666666666666
3467,7.7700000000000005
3468,6.953333333333332
3469,7.676666666666664
3470,7.47833333333333
3471,6.783333333333334
3472,7.231666666666666
3473,6.5783333333333305
3474,7.061666666666665
3475,7.556666666666669
3476,7.594999999999997
3477,6.840000000000001
3478,7.778333333333335
3479,7.503333333333332
3480,6.75333333333333
3481,6.953333333333332
3482,6.816666666666666
3483,7.040000000000002
3484,7.231666666666666
3485,7.349999999999996
3486,7.691666666666665
3487,6.193333333333333
3488,6.948333333333336
3489,7.73
3490,7.958333333333334
3491,7.231666666666666
3492,6.655000000000003
3493,6.870000000000002
3494,7.231666666666666
3495,6.418333333333332
3496,6.5
3497,7.798333333333334
3498,6.121666666666669
3499,7.833333333333333
3500,7.3199999999999985
3501,6.571666666666663
3502,7.676666666666664
3503,6.0616666666666665
3504,7.815
3505,6.554999999999999
3506,6.773333333333334
3507,7.231666666666666
3508,7.015
3509,7.021666666666669
3510,5.911666666666665
3511,6.706666666666668
3512,7.231666666666666
3513,6.2733333333333325
3514,7.5716666666666645
3515,7.251666666666664
3516,7.231666666666666
3517,6.953333333333332
3518,7.231666666666666
3519,7.548333333333333
3520,7.574999999999997
3521,7.386666666666668
3522,7.231666666666666
3523,6.911666666666666
3524,7.586666666666669
3525,7.231666666666666
3526,7.838333333333333
3527,7.231666666666666
3528,7.823333333333334
3529,6.804999999999997
3530,6.028333333333337
3531,7.231666666666666
3532,7.196666666666664
3533,7.565
3534,7.231666666666666
3535,6.483333333333333
3536,7.231666666666666
3537,6.203333333333334
3538,7.088333333333333
3539,7.4016666666666655
3540,7.203333333333336
3541,7.381666666666666
3542,7.0083333333333355
3543,7.231666666666666
3544,7.206666666666666
3545,7.616666666666671
3546,6.96166666666667
3547,7.0249999999999995
3548,7.231666666666666
3549,7.231666666666666
3550,6.6099999999999985
3551,6.918333333333333
3552,6.953333333333332
3553,7.9316666666666675
3554,7.640000000000004
3555,7.231666666666666
3556,7.231666666666666
3557,6.778333333333333
3558,7.231666666666666
3559,7.58166666666667
3560,7.236666666666666
3561,7.888333333333331
3562,6.918333333333333
3563,7.231666666666666
3564,6.953333333333332
3565,7.493333333333334
3566,7.0533333333333355
3567,6.875000000000001
3568,7.676666666666664
3569,7.633333333333337
3570,7.068333333333337
3571,7.856666666666665
3572,7.203333333333333
3573,6.858333333333334
3574,7.611666666666668
3575,7.133333333333329
3576,7.231666666666666
3577,7.231666666666666
3578,7.608333333333336
3579,7.231666666666666
3580,6.745000000000001
3581,7.4099999999999975
3582,6.921666666666666
3583,6.610000000000001
3584,7.211666666666665
3585,7.341666666666667
3586,7.076666666666667
3587,7.231666666666666
3588,6.744999999999999
3589,7.218333333333332
3590,7.021666666666669
3591,6.96166666666667
3592,6.918333333333332
3593,6.9600000000000035
3594,7.231666666666666
3595,5.930000000000001
3596,6.921666666666666
3597,5.954999999999998
3598,7.518333333333333
3599,7.3616666666666655
3600,7.6516666666666655
3601,6.935000000000002
3602,6.953333333333332
3603,6.953333333333332
3604,7.0950000000000015
3605,7.753333333333338
3606,6.5783333333333305
3607,7.081666666666668
3608,7.236666666666666
3609,7.428333333333336
3610,6.8
3611,7.4449999999999985
3612,7.658333333333334
3613,7.568333333333333
3614,7.1250000000000036
3615,7.349999999999996
3616,7.341666666666667
3617,6.930000000000001
3618,6.745
3619,7.628333333333336
3620,6.253333333333335
3621,6.6800000000000015
3622,7.231666666666666
3623,6.106666666666666
3624,7.833333333333333
3625,7.586666666666668
3626,7.231666666666666
3627,6.938333333333333
3628,7.231666666666666
3629,6.953333333333332
3630,6.874999999999998
3631,7.581666666666671
3632,6.953333333333332
3633,6.5783333333333305
3634,7.488333333333335
3635,7.231666666666666
3636,7.296666666666668
3637,7.5649999999999995
3638,6.363333333333332
3639,7.231666666666666
3640,7.231666666666666
3641,6.765
3642,7.798333333333334
3643,7.231666666666666
3644,7.231666666666666
3645,7.231666666666666
3646,7.231666666666666
3647,7.293333333333333
3648,7.231666666666666
3649,7.5933333333333355
3650,7.5716666666666645
3651,6.5783333333333305
3652,7.5716666666666645
3653,7.1049999999999995
3654,6.896666666666666
3655,7.231666666666666
3656,7.186666666666668
3657,6.5783333333333305
3658,7.498333333333332
3659,6.686666666666664
3660,6.636666666666666
3661,6.795
3662,6.795
3663,6.9366666666666665
3664,7.048333333333331
3665,7.275
3666,6.861666666666668
3667,7.219999999999999
3668,7.5716666666666645
3669,6.809999999999999
3670,7.263333333333334
3671,7.231666666666666
3672,7.231666666666666
3673,7.6516666666666655
3674,7.171666666666668
3675,7.063333333333332
3676,6.836666666666667
3677,6.945000000000003
3678,6.251666666666665
3679,5.921666666666666
3680,7.204999999999997
3681,7.0083333333333355
3682,6.368333333333333
3683,7.025
3684,7.766666666666663
3685,6.648333333333332
3686,6.7
3687,6.203333333333334
3688,6.928333333333334
3689,6.203333333333334
3690,6.313333333333332
3691,5.646666666666666
3692,6.875000000000002
3693,5.926666666666668
3694,6.395
3695,6.18166666666667
3696,6.331666666666666
3697,7.1083333333333325
3698,7.3500000000000005
3699,6.036666666666666
3700,6.023333333333332
3701,5.668333333333334
3702,6.175000000000001
3703,6.418333333333333
3704,6.4399999999999995
3705,5.831666666666666
3706,7.066666666666664
3707,6.208333333333333
3708,6.326666666666668
3709,6.123333333333333
3710,6.201666666666668
3711,5.933333333333332
3712,6.5566666666666675
3713,6.171666666666665
3714,6.775000000000002
3715,6.785000000000003
3716,6.486666666666664
3717,6.42
3718,7.236666666666666
3719,6.738333333333332
3720,6.076666666666666
3721,5.803333333333334
3722,6.908333333333333
3723,6.128333333333332
3724,7.268333333333333
3725,6.941666666666669
3726,6.751666666666665
3727,7.230000000000002
3728,6.243333333333335
3729,5.389999999999996
3730,7.440000000000001
3731,6.0900000000000025
3732,5.241666666666666
3733,5.994999999999999
3734,6.331666666666666
3735,7.273333333333332
3736,6.2566666666666695
3737,6.461666666666665
3738,6.141666666666665
3739,6.148333333333331
3740,7.78666666666667
3741,5.596666666666668
3742,6.466666666666669
3743,5.923333333333336
3744,7.49333333333333
3745,6.5783333333333305
3746,6.865000000000001
3747,6.684999999999999
3748,5.361666666666667
3749,7.538333333333337
3750,6.043333333333335
3751,6.431666666666663
3752,6.379999999999998
3753,6.8883333333333345
3754,7.185000000000002
3755,6.538333333333332
3756,6.923333333333333
3757,6.686666666666665
3758,6.843333333333331
3759,6.9300000000000015
3760,7.4883333333333315
3761,6.825000000000002
3762,7.096666666666663
3763,6.378333333333333
3764,5.911666666666665
3765,5.953333333333333
3766,6.5633333333333335
3767,7.438333333333332
3768,7.64166666666667
3769,6.285
3770,7.571666666666672
3771,6.416666666666668
3772,6.960000000000002
3773,6.496666666666667
3774,7.346666666666667
3775,6.686666666666668
3776,6.376666666666665
3777,6.22
3778,7.121666666666666
3779,7.3083333333333345
3780,6.4216666666666695
3781,7.075
3782,7.4066666666666645
3783,5.706666666666665
3784,6.8666666666666645
3785,7.136666666666668
3786,6.501666666666669
3787,7.248333333333335
3788,7.610000000000003
3789,5.521666666666667
3790,6.433333333333333
3791,5.613333333333333
3792,7.334999999999998
3793,6.78166666666667
3794,7.3533333333333335
3795,6.756666666666669
3796,6.493333333333334
3797,7.15166666666667
3798,6.119999999999999
3799,6.255
3800,4.609999999999999
3801,7.1899999999999995
3802,5.321666666666667
3803,6.428333333333332
3804,7.166666666666668
3805,6.9799999999999995
3806,6.530000000000002
3807,7.475000000000004
3808,6.506666666666666
3809,6.485000000000001
3810,6.823333333333333
3811,6.731666666666666
3812,7.606666666666666
3813,6.73
3814,7.378333333333335
3815,7.6850000000000005
3816,6.668333333333335
3817,6.8766666666666705
3818,6.51333333333333
3819,6.5266666666666655
3820,6.441666666666664
3821,6.744999999999999
3822,6.751666666666668
3823,6.979999999999999
3824,7.248333333333332
3825,6.836666666666667
3826,6.8183333333333325
3827,7.008333333333332
3828,6.381666666666667
3829,5.846666666666667
3830,7.435
3831,7.045000000000003
3832,7.606666666666665
3833,6.793333333333334
3834,7.126666666666667
3835,6.9300000000000015
3836,6.608333333333336
3837,6.4849999999999985
3838,7.015000000000003
3839,6.918333333333336
3840,7.589999999999998
3841,5.871666666666669
3842,6.558333333333334
3843,6.061666666666669
3844,7.126666666666668
3845,6.455000000000002
3846,6.985000000000001
3847,6.96333333333333
3848,7.249999999999998
3849,7.165
3850,7.250000000000001
3851,6.816666666666667
3852,7.281666666666665
3853,7.0
3854,6.936666666666666
3855,7.329999999999999
3856,7.863333333333335
3857,6.516666666666667
3858,7.398333333333334
3859,5.6533333333333315
3860,7.463333333333336
3861,6.768333333333332
3862,6.618333333333333
3863,7.786666666666667
3864,7.156666666666668
3865,7.231666666666666
3866,7.320000000000001
3867,7.335000000000003
3868,6.333333333333331
3869,7.008333333333331
3870,7.231666666666666
3871,7.051666666666666
3872,6.361666666666667
3873,6.545
3874,7.041666666666669
3875,6.613333333333332
3876,6.644999999999999
3877,5.84
3878,6.586666666666664
3879,6.736666666666667
3880,6.336666666666665
3881,7.00666666666667
3882,5.67
3883,7.173333333333335
3884,7.051666666666665
3885,7.391666666666666
3886,7.200000000000003
3887,6.760000000000001
3888,6.318333333333333
3889,6.353333333333333
3890,7.516666666666667
3891,6.733333333333331
3892,6.9783333333333335
3893,7.5166666666666675
3894,7.0150000000000015
3895,7.098333333333334
3896,6.9433333333333325
3897,6.743333333333334
3898,7.435
3899,6.365
3900,6.986666666666669
3901,6.776666666666669
3902,7.2766666666666655
3903,6.828333333333333
3904,6.651666666666667
3905,6.501666666666664
3906,6.734999999999999
3907,6.693333333333332
3908,5.509999999999999
3909,6.783333333333334
3910,6.731666666666666
3911,7.333333333333332
3912,6.661666666666668
3913,6.731666666666666
3914,7.288333333333332
3915,6.963333333333336
3916,7.361666666666666
3917,6.3166666666666655
3918,7.368333333333336
3919,7.478333333333335
3920,6.878333333333334
3921,6.561666666666666
3922,6.731666666666666
3923,7.3383333333333365
3924,6.504999999999999
3925,7.071666666666667
3926,7.581666666666668
3927,7.506666666666667
3928,6.698333333333333
3929,5.863333333333333
3930,6.848333333333333
3931,6.915000000000002
3932,6.731666666666666
3933,7.231666666666669
3934,6.9399999999999995
3935,7.5716666666666645
3936,7.000000000000003
3937,7.003333333333333
3938,6.731666666666666
3939,7.246666666666667
3940,7.194999999999998
3941,7.366666666666668
3942,6.1633333333333375
3943,6.708333333333332
3944,7.368333333333335
3945,7.733333333333331
3946,7.249999999999999
3947,7.733333333333331
3948,6.453333333333332
3949,7.105
3950,7.131666666666667
3951,6.453333333333332
3952,6.453333333333332
3953,6.453333333333332
3954,7.188333333333334
3955,6.453333333333332
3956,7.508333333333334
3957,7.459999999999998
3958,6.453333333333332
3959,6.453333333333332
3960,7.733333333333331
3961,7.733333333333331
3962,6.579999999999998
3963,6.485
3964,7.249999999999999
3965,7.249999999999999
3966,7.249999999999999
3967,7.249999999999999
3968,7.249999999999999
3969,7.249999999999999
3970,7.256666666666664
